<?xml version="1.0" encoding="UTF-8"?>
<beans xmlns="http://www.springframework.org/schema/beans"
	xmlns:xsi="http://www.w3.org/2001/XMLSchema-instance"
	xmlns:context="http://www.springframework.org/schema/context"
	xmlns:aop="http://www.springframework.org/schema/aop"
	xsi:schemaLocation="http://www.springframework.org/schema/beans http://www.springframework.org/schema/beans/spring-beans.xsd
		http://www.springframework.org/schema/context http://www.springframework.org/schema/context/spring-context-4.1.xsd
		http://www.springframework.org/schema/aop http://www.springframework.org/schema/aop/spring-aop-4.1.xsd">
	<context:component-scan base-package="sample08"/>
	<bean id="ms" class="sample08.MyAspect"></bean>
	<aop:config>
		<aop:aspect id="mys" ref="ms">
		<aop:pointcut expression="execution(* getProduct())"
				 id="pc"/>
			<aop:after method="after" pointcut-ref="pc"/>
			<aop:after-returning method="afterReturn" 
				pointcut-ref="pc" returning="product"/>
			<aop:after-throwing method="afterThru" 
			 	pointcut-ref="pc" throwing="e"/>
			<aop:around method="around"  pointcut-ref="pc"/>
			<aop:before method="before"  pointcut-ref="pc"/>
		</aop:aspect>
	</aop:config>
</beans>