<?xml version="1.0" encoding="UTF-8"?>
<beans xmlns="http://www.springframework.org/schema/beans"
	xmlns:xsi="http://www.w3.org/2001/XMLSchema-instance"
	xmlns:context="http://www.springframework.org/schema/context"
	xmlns:mvc="http://www.springframework.org/schema/mvc"
	xmlns:aop="http://www.springframework.org/schema/aop"
	xmlns:tx="http://www.springframework.org/schema/tx"
	xsi:schemaLocation="http://www.springframework.org/schema/tx 
		http://www.springframework.org/schema/tx/spring-tx-3.1.xsd
        http://www.springframework.org/schema/beans
        http://www.springframework.org/schema/beans/spring-beans.xsd
		http://www.springframework.org/schema/aop 
		http://www.springframework.org/schema/aop/spring-aop-3.1.xsd
		http://www.springframework.org/schema/context
        http://www.springframework.org/schema/context/spring-context-3.1.xsd
		http://www.springframework.org/schema/mvc
        http://www.springframework.org/schema/mvc/spring-mvc-3.1.xsd">	
	<context:component-scan base-package="controllers,dao,logic,service" />
	<mvc:annotation-driven/>
	<!-- Data Source -->
	<context:property-placeholder location="classpath:mybatis/db.properties"/>
	<bean id="dataSource"
		class="org.springframework.jdbc.datasource.SimpleDriverDataSource">
		<property name="driverClass" value="${driver}" />
		<property name="url" value="${url}" />
		<property name="username" value="${user.username}" />
		<property name="password" value="${user.password}" />
	</bean>
	<!-- 스프링 jdbc 즉 스프링으로 oracle 디비 연결 -->
	<bean id="sqlSessionFactory" class="org.mybatis.spring.SqlSessionFactoryBean">
		<property name="dataSource" ref="dataSource" />
		<property name="configLocation" value="classpath:mybatis/configuration.xml" />
	</bean>	
	<!-- transactionmanager 선언 -->
	<bean id="transactionManager"
		class="org.springframework.jdbc.datasource.DataSourceTransactionManager">
		<property name="dataSource" ref="dataSource" />
	</bean>    	
	<!-- Transaction 기본 설정 -->
	<tx:advice id="txAdvice" transaction-manager="transactionManager">
		<tx:attributes>
			<tx:method name="*" propagation="REQUIRED"/>
			 <!-- name속성값을 *로 지정하면 모든 메서드에 적용 즉 어떠한 메서드를 사용해도 된다
			. 트랜잭션 속성 REQUIRED 를 적용. 즉 값을 가져오는 역할을 함. -->
			<tx:method name="get*" read-only="true"/> 
			<!--  get 으로 시작하는 모든 메서드를 받아들인다. 그리고 단지 읽기 속성을 하기
			위해서  true로 설정 --> 
		</tx:attributes>
	</tx:advice>	
	<!-- AOP 설정을 사용해서 Transaction 적용 -->
	<aop:config>
		<aop:advisor advice-ref="txAdvice" pointcut="execution(* service.*Service.*(..))"/>
		<!-- service 패키지의  Service 포함하는 모든 클래스,인터페이스의 모든 메서드를  포인트 컷 한다.   -->
	</aop:config>	
	<!-- 이 설정은 검색해서 마이바티스 매퍼 XML파일을 모두 로드할 것이다. --> 
	<bean id="session" class="org.mybatis.spring.SqlSessionTemplate">
		<constructor-arg index="0" ref="sqlSessionFactory" />
	</bean>
	<!-- ExceptionHandler -->
<!-- 	<bean id="exceptionHandler"
		class="org.springframework.web.servlet.handler.SimpleMappingExceptionResolver">
		<property name="exceptionMappings">
			<value>
				exception.LoginRequiredException=/exception/dummyLogin
				exception.CartEmptyException=/exception/cartEmpty
				org.springframework.dao.DataRetrievalFailureException=/exception/dataNotFound
				java.lang.Exception=/exception/exception
			</value>
		</property>
	</bean> -->
<!-- 	
	<bean id="simpleUrlMapping" class="org.springframework.web.servlet.handler.SimpleUrlHandlerMapping"> 
		<property name="mappings"> 
			<value> 			  
			   /adminMain.html=adminController	
			   /proList.html=productController	
			   /proDetail.html=productController
			   /proReg.html=productController		
			   /proEdit.html=productController
			   /proDelete.html=productController
			   /productList.html=productController
			   /productDetail.html=productController
			   /checkproduct.html=productController
			   /shortBoard.html=productController
			   /end.html=productController
			   
			   /campList.html=campSiteController
			   /campDetail.html=campSiteController
			   /campReg.html=campSiteController	
			   /campEdit.html=campSiteController
			   /campDelete.html=campSiteController	
			   /campsiteList.html=campSiteController
			   /selectedcampsite.html=campSiteController
			   
			   /board*.html=boardController
			   /boardDetail.html=boardController
			   /boardEdit.html=boardController
			   /boardReg.html=boardController
			   /boardDelete.html=boardController
			   /boardlistBybCode.html=boardController
			   /searchBoard.html=boardController			   
			   
			   /joi*.html=memberController	
			   /joinSuccess.html=memberController
			   /joinList.html=memberController
			   /login.html=memberController
			   /loginSuccess.html=memberController
			   /logout.html=memberController	
			   /mypage.html=memberController	
			   /editMember.html=memberController  
			   /editSuccess.html=memberController
			   /user.html=memberController			   
			   /memberClear.html = memberController
			   
			   /main.html=mainController
			   /vote.html=mainController
			   
			   /cartAdd.html = cartController
			   /cart.html=cartController
			   /checkout.html=cartController
			   /cartClear.html=cartController
			   /cartConfirm.html=cartController
			 </value> 
		</property> 
	</bean>	
	<bean id="adminController" class="controllers.AdminController"/>
	<bean id="productController" class="controllers.ProductController"/>
	<bean id="campSiteController" class="controllers.CampStiteController"/>
	<bean id="memberController" class="controllers.MemberController"/>
	<bean id="mainController" class="controllers.MainController"/>
	<bean id="boardController" class="controllers.BoardController"/>
	<bean id="cartController" class="controllers.CartController"/>
 -->
</beans>