<?xml version="1.0" encoding="UTF-8"?>
<beans xmlns="http://www.springframework.org/schema/beans"
	xmlns:xsi="http://www.w3.org/2001/XMLSchema-instance"
	xmlns:aop="http://www.springframework.org/schema/aop"
	xsi:schemaLocation="http://www.springframework.org/schema/beans http://www.springframework.org/schema/beans/spring-beans.xsd
		http://www.springframework.org/schema/aop http://www.springframework.org/schema/aop/spring-aop-4.1.xsd">
	<bean id="mb" class="sample06.MessageBeanImpl">
		<property name="name" value="길동"></property>
		<property name="greet" value="안녕 대박이야"></property>
	</bean>
	<bean id="la" class="sample06.LoggingAdvice"></bean>
	<aop:aspectj-autoproxy></aop:aspectj-autoproxy>
</beans>