<?xml version="1.0" encoding="UTF-8"?>
<beans xmlns="http://www.springframework.org/schema/beans"
	xmlns:xsi="http://www.w3.org/2001/XMLSchema-instance"
	xmlns:aop="http://www.springframework.org/schema/aop"
	xmlns:context="http://www.springframework.org/schema/context"
	xsi:schemaLocation="http://www.springframework.org/schema/beans http://www.springframework.org/schema/beans/spring-beans.xsd
		http://www.springframework.org/schema/context http://www.springframework.org/schema/context/spring-context-4.1.xsd
		http://www.springframework.org/schema/aop http://www.springframework.org/schema/aop/spring-aop-4.1.xsd">
	<aop:aspectj-autoproxy></aop:aspectj-autoproxy>
	<bean id="la" class="samp04.LogAddvice"></bean>
	<bean id="mb" class="samp04.MessageBeanImpl">
		<property name="name" value="길동"></property>
		<property name="greet" value="안녕"></property>
	</bean>
</beans>