<?xml version="1.0" encoding="UTF-8" ?>
<!DOCTYPE mapper PUBLIC "-//mybatis.org//DTD Mapper 3.0//EN"
	"http://mybatis.org/dtd/mybatis-3-mapper.dtd">	
<mapper namespace="CampSite">
	<resultMap  type="campsite"			id="ResultMap">
		<result property="sId"  		column="sId"/>
		<result property="sName" 		column="sName"/>
		<result property="address" 		column="address"/>
		<result property="phone"		column="phone"/>
		<result property="home"  		column="home"/>
		<result property="picUrl"  		column="picUrl"/>
		<result property="locCode"  	column="locCode"/>
		<result property="reservation"  column="reservation"/>		
	</resultMap>	
	<select id="getTotalCampSite" resultType="Integer">
		 <![CDATA[ SELECT COUNT(*) FROM CAMPSITE ]]>
	</select>	
	<select id="campSiteList" resultMap="ResultMap" parameterType="Integer">
		<![CDATA[ SELECT * FROM 
			(SELECT ROWNUM RN, N.* FROM 
					(SELECT * FROM CAMPSITE ORDER BY SID DESC) N
			)	WHERE RN BETWEEN 1 + (#{start}-1)*10 AND 10 + (#{start}-1)*10 ]]>
	</select>	
	<select id="selectCampSitebylocCode" parameterType="Integer" resultMap="ResultMap">
		<![CDATA[ SELECT * FROM CAMPSITE WHERE LOCCODE=#{locCode} ]]>
	</select>	
	<select id="selectCampSite" parameterType="Integer" resultType="campsite">
		<![CDATA[ SELECT * FROM CAMPSITE WHERE SID=#{sId}]]>
	</select>	
	<select id="getTotalCampSitebylocCode" resultType="Integer">
		 <![CDATA[ SELECT COUNT(*) FROM CAMPSITE WHERE LOCCODE=#{locCode}]]>
	</select>	
	<insert id="insertCampSite" parameterType="campsite">
		<selectKey keyProperty="sId" resultType="Integer"  order="BEFORE">
			SELECT NVL(MAX(SID),0) + 1 FROM CAMPSITE
		</selectKey>
		<![CDATA[ INSERT INTO CAMPSITE(SID, SNAME, ADDRESS, PHONE, HOME, PICURL, 
			LOCCODE,reservation) VALUES(#{sId}, #{sName}, #{address}, #{phone}, 
			#{home}, #{picUrl}, #{locCode},0)]]>
	</insert>
	<delete id="deleteCampSite" parameterType="Integer">
		<![CDATA[ DELETE FROM CAMPSITE WHERE SID=#{sId}]]>
	</delete>
	<update id="updateCampSite" parameterType="campsite">
		UPDATE CAMPSITE SET SNAME=#{sName}, 
			ADDRESS=#{address}, PHONE=#{phone}, HOME=#{home},
			<if test="picUrl != null"> PICURL=#{picUrl}, </if>
			 LOCCODE=#{locCode},reservation=#{reservation}
					WHERE SID=#{sId}
	</update>	
	<update id="updateCampNull" parameterType="campsite">
		<![CDATA[ UPDATE CAMPSITE SET SNAME=#{sName}, ADDRESS=#{address}, PHONE=#{phone}, 
			HOME=#{home}, LOCCODE=#{locCode},reservation=#{reservation}
					WHERE SID=#{sId}]]>
	</update>
</mapper>