<?xml version="1.0" encoding="UTF-8" ?>
<!DOCTYPE mapper PUBLIC "-//mybatis.org//DTD Mapper 3.0//EN"
	"http://mybatis.org/dtd/mybatis-3-mapper.dtd">	
<mapper namespace="Member">
	<resultMap  type="member" 		id="ResultMap">
		<result property="mId" 	  	column="mId"/>
		<result property="password"	column="password"/>
		<result property="mName"   	column="mName"/>
		<result property="postcode" column="postcode"/>
		<result property="address" 	column="address" />
		<result property="email"	column="email"/>
		<result property="job"   	column="job"/>
	</resultMap>		
	<select id="memberList"  parameterType="int" resultMap="ResultMap" >		
		<![CDATA[ SELECT * FROM 
				(SELECT ROWNUM RN, N.* FROM 
					(SELECT * FROM MEMBER ORDER BY mId DESC) N
				) WHERE RN BETWEEN 1 + (#{start}-1)*10 AND 10 + (#{start}-1)*10 ]]>
	</select>	
	<select id="selectMember" resultType="member">		
		<![CDATA[ SELECT * FROM MEMBER WHERE MID=#{mId}]]>
	</select>	
	<select id="selectmId" resultType="String">		
		<![CDATA[ SELECT MID FROM MEMBER WHERE MID=#{mId}]]>
	</select>	
	<select id="getTotalMember" resultType="Integer">
		<![CDATA[ SELECT COUNT(*) FROM MEMBER ]]>
	</select>	
	<select id="selectMemberBymIdandPassword" parameterType="java.util.Map" resultType="member">
		SELECT * FROM MEMBER WHERE MID=#{mId} AND PASSWORD=#{password}
	</select>	
	<insert id="createMember" parameterType="member" >
		<![CDATA[ INSERT INTO MEMBER(MID, PASSWORD, MNAME, POSTCODE, ADDRESS, EMAIL, JOB)
					VALUES(#{mId}, #{password}, #{mName}, #{postcode}, #{address}, #{email}, #{job})]]>
	</insert>	
	<update id="updateMember" parameterType="member">
		<![CDATA[ UPDATE MEMBER SET PASSWORD=#{password}, MNAME=#{mName}, POSTCODE=#{postcode}, ADDRESS=#{address}, EMAIL=#{email}, JOB=#{job}
					WHERE MID=#{mId}]]>
	</update>	
	<delete id="deleteMember" parameterType="Integer">
		<![CDATA[ DELETE FROM MEMBER WHERE MID=#{mId} ]]>
	</delete>	
</mapper>