<?xml version="1.0" encoding="UTF-8"?>
<beans xmlns="http://www.springframework.org/schema/beans"
	xmlns:xsi="http://www.w3.org/2001/XMLSchema-instance"
	xsi:schemaLocation="http://www.springframework.org/schema/beans http://www.springframework.org/schema/beans/spring-beans.xsd">
	<bean id="map" class="map.MapBean">
		<property name="map">
			<map>
				<entry>
					<key><value>고길동</value></key>
					<value>서울시 강남</value>
				</entry>
				<entry>
					<key><value>듈리</value></key>
					<value>히말리아</value>
				</entry>
			</map>		
		</property>
	</bean>
</beans>
