<?xml version="1.0" encoding="UTF-8"?>
<beans xmlns="http://www.springframework.org/schema/beans"
	xmlns:xsi="http://www.w3.org/2001/XMLSchema-instance"
	xsi:schemaLocation="http://www.springframework.org/schema/beans http://www.springframework.org/schema/beans/spring-beans.xsd">
	<bean id="target" class="sample02.MessageBeanImpl">
		<property name="name" value="길동"/>
		<property name="greet" value="안녕"/>
	</bean>
	<bean id="loggingAdvice" class="sample02.LoggingAdvice" />
	<bean id="proxy"
		class="org.springframework.aop.framework.ProxyFactoryBean">
		<property name="target" ref="target" />
		<property name="interceptorNames" value="advisor"/>
	</bean>
	<bean id="advisor" class="org.springframework.aop.support.DefaultPointcutAdvisor">
		<property name="advice" ref="loggingAdvice"/>
		<property name="pointcut">
			<bean class="org.springframework.aop.support.JdkRegexpMethodPointcut">
				<property name="pattern" value=".*sayHello.*"/>
			</bean>
		</property>
	</bean>
</beans>