<?xml version="1.0" encoding="UTF-8" ?>
<!DOCTYPE mapper PUBLIC "-//mybatis.org//DTD Mapper 3.0//EN"
"http://mybatis.org/dtd/mybatis-3-mapper.dtd">
<mapper namespace="empns">
	<!-- Use type aliases to avoid typing the full classname every time. -->
	<resultMap id="empResult"    	type="emp">
		<result property="empno" 	column="empno" />
		<result property="ename"  	column="ename" />
		<result property="job"		column="job" />
		<result property="mgr" 		column="mgr" />
		<result property="hiredate" column="hiredate" />
		<result property="sal"	  	column="sal" />
		<result property="comm"	   	column="comm" />
		<result property="deptno"   column="deptno" />
		<result property="dname"	column="dname" />
		<result property="loc"   	column="loc" />
	</resultMap>
	<select id="empList" resultMap="empResult">
		select * from emp order by empno
	</select>
	<select id="list" parameterType="int" resultMap="empResult">
		select * from emp where deptno=#{deptno} order by empno
	</select>	
	<select id="select" parameterType="int" resultType="emp">
		select * from emp where empno=#{empno}
	</select>
	<insert id="insert" parameterType="emp">
		insert into emp values(#{empno},#{ename},#{job},#{mgr},
			#{hiredate},#{sal},#{comm},#{deptno})
	</insert>
	<delete id="delete" parameterType="int">
		delete from emp where empno=#{empno}
	</delete>
	<update id="update" parameterType="emp">
		update emp set ename=#{ename},job=#{job},sal=${sal},
			comm=#{comm},deptno=#{deptno} where empno=#{empno}
	</update>
	<select id="empAllList" resultMap="empResult">
		select e.*,dname,loc from emp e, dept d 
			where e.deptno=d.deptno order by empno
	</select>
</mapper>