<?xml version="1.0" encoding="UTF-8"?>
<beans xmlns="http://www.springframework.org/schema/beans"
	xmlns:xsi="http://www.w3.org/2001/XMLSchema-instance"
	xsi:schemaLocation="http://www.springframework.org/schema/beans http://www.springframework.org/schema/beans/spring-beans.xsd">
	<bean id="mb" class="sample03.MessageBeanKr" name="a"></bean>
	<bean id="mb2" class="sample04.MessageBeanImpl">
		<constructor-arg value="도깨비">
			<!-- <value>박보검</value> -->
		</constructor-arg>
		<constructor-arg value="안뇽">
			<!-- <value>Hello</value> -->
		</constructor-arg>
	</bean>
</beans>