<?xml version="1.0" encoding="UTF-8"?>
<beans xmlns="http://www.springframework.org/schema/beans"
	xmlns:xsi="http://www.w3.org/2001/XMLSchema-instance"
	xsi:schemaLocation="http://www.springframework.org/schema/beans http://www.springframework.org/schema/beans/spring-beans.xsd">
	<bean id="vh" class="sample05.Airplane"></bean>
	<bean id="vh2" class="sample06.VehicleImpl">
		<constructor-arg value="철수"></constructor-arg>
		<constructor-arg value="자전거"></constructor-arg>
	</bean>
</beans>
