<?xml version="1.0" encoding="UTF-8"?>
<beans xmlns="http://www.springframework.org/schema/beans"
	xmlns:xsi="http://www.w3.org/2001/XMLSchema-instance"
	xsi:schemaLocation="http://www.springframework.org/schema/beans http://www.springframework.org/schema/beans/spring-beans.xsd">
	<bean id="pp" class="prop.ProperBean">
		<property name="ppt">
			<props>
				<prop key="고길동">서울시 성북부</prop>
				<prop key="듈리">북극</prop>
			</props>		
		</property>
	</bean>
</beans>